{"has_child":1,"home_url":"https:\/\/solutionsangulaires.com\/biogasworld","child_file":{"solutionsangulaires.com_biogasworld_wpvivid-6127c230d0f1c_2021-08-26-12-32_backup_themes.zip":{"file_type":"themes","themes":{"buddyboss-theme-child":{"slug":"buddyboss-theme-child","size":96399},"buddyboss-theme":{"slug":"buddyboss-theme","size":28011332},"twentynineteen":{"slug":"twentynineteen","size":1337636},"twentyseventeen":{"slug":"twentyseventeen","size":1952319},"twentytwenty":{"slug":"twentytwenty","size":1844110},"twentytwentyone":{"slug":"twentytwentyone","size":3614338}},"root_flag":"wp-content","file":"solutionsangulaires.com_biogasworld_wpvivid-6127c230d0f1c_2021-08-26-12-32_backup_themes.zip","php_version":"7.2.34","mysql_version":"5.7.35"},"solutionsangulaires.com_biogasworld_wpvivid-6127c230d0f1c_2021-08-26-12-32_backup_uploads.zip":{"file_type":"upload","root_flag":"wp-content","file":"solutionsangulaires.com_biogasworld_wpvivid-6127c230d0f1c_2021-08-26-12-32_backup_uploads.zip","php_version":"7.2.34","mysql_version":"5.7.35"},"solutionsangulaires.com_biogasworld_wpvivid-6127c230d0f1c_2021-08-26-12-32_backup_content.zip":{"file_type":"wp-content","root_flag":"root","file":"solutionsangulaires.com_biogasworld_wpvivid-6127c230d0f1c_2021-08-26-12-32_backup_content.zip","php_version":"7.2.34","mysql_version":"5.7.35"},"solutionsangulaires.com_biogasworld_wpvivid-6127c230d0f1c_2021-08-26-12-32_backup_db.zip":{"dump_db":1,"home_url":"https:\/\/solutionsangulaires.com\/biogasworld","file_type":"databases","root_flag":"custom","file":"solutionsangulaires.com_biogasworld_wpvivid-6127c230d0f1c_2021-08-26-12-32_backup_db.zip","php_version":"7.2.34","mysql_version":"5.7.35"}},"root_flag":"custom","file":"solutionsangulaires.com_biogasworld_wpvivid-6127c230d0f1c_2021-08-26-12-32_backup_all.part002.zip","php_version":"7.2.34","mysql_version":"5.7.35"}