{"has_child":1,"home_url":"https:\/\/solutionsangulaires.com\/biogasworld","child_file":{"solutionsangulaires.com_biogasworld_wpvivid-6127c230d0f1c_2021-08-26-12-32_backup_plugin.zip":{"file_type":"plugin","plugin":{"adrotate":{"slug":"adrotate","size":2465365},"advanced-custom-fields":{"slug":"advanced-custom-fields","size":7549407},"akismet":{"slug":"akismet","size":244683},"buddyboss-platform":{"slug":"buddyboss-platform","size":40087645},"buddyboss-platform-pro":{"slug":"buddyboss-platform-pro","size":8818579},"classic-editor":{"slug":"classic-editor","size":61880},"cometchat":{"slug":"cometchat","size":821818},"creative-mail-by-constant-contact":{"slug":"creative-mail-by-constant-contact","size":1811561},"custom-post-type-ui":{"slug":"custom-post-type-ui","size":419641},"facebook-for-woocommerce":{"slug":"facebook-for-woocommerce","size":6269919},"geo-my-wp":{"slug":"geo-my-wp","size":8551492},"kliken-marketing-for-google":{"slug":"kliken-marketing-for-google","size":204486},"mailchimp-for-woocommerce":{"slug":"mailchimp-for-woocommerce","size":1975941},"memberpress-buddypress":{"slug":"memberpress-buddypress","size":34877},"memberpress-corporate":{"slug":"memberpress-corporate","size":272867},"memberpress-developer-tools":{"slug":"memberpress-developer-tools","size":353286},"memberpress":{"slug":"memberpress","size":6699818},"query-monitor":{"slug":"query-monitor","size":525545},"really-simple-ssl":{"slug":"really-simple-ssl","size":1961130},"dk-pricr-responsive-pricing-table":{"slug":"dk-pricr-responsive-pricing-table","size":1210718},"user-switching":{"slug":"user-switching","size":84154},"bp-activity-filter":{"slug":"bp-activity-filter","size":2543172},"woocommerce":{"slug":"woocommerce","size":27588642}},"root_flag":"wp-content","file":"solutionsangulaires.com_biogasworld_wpvivid-6127c230d0f1c_2021-08-26-12-32_backup_plugin.zip","php_version":"7.2.34","mysql_version":"5.7.35"},"solutionsangulaires.com_biogasworld_wpvivid-6127c230d0f1c_2021-08-26-12-32_backup_core.zip":{"include_path":["wp-includes","wp-admin"],"wp_core":1,"home_url":"https:\/\/solutionsangulaires.com\/biogasworld","file_type":"wp-core","root_flag":"root","file":"solutionsangulaires.com_biogasworld_wpvivid-6127c230d0f1c_2021-08-26-12-32_backup_core.zip","php_version":"7.2.34","mysql_version":"5.7.35"}},"root_flag":"custom","file":"solutionsangulaires.com_biogasworld_wpvivid-6127c230d0f1c_2021-08-26-12-32_backup_all.part001.zip","php_version":"7.2.34","mysql_version":"5.7.35"}